toolId;CPPCHECK;FHCPP
AATI;1;-
AITA;1;-
CITAAR;1;-
CATIAR;1;-
UQ;1;-
AWSE;1;-
AIA;1;-
AV;1;-
RAOAV;1;-
RLV;1;-
RF;1;-
RTF;1;-
AID;1;-
RAOFP;1;-
UAA;1;-
UAPARG;1;-
DAR;1;-
LNVFC;1;-
LRVNU;1;-
PAE;1;-
UCCL;1;-
ML;1;-
RL;1;-
DD;1;-
DU;1;-
MS;1;-
MAD;1;-
MOR;1;-
IF;1;-
DF;1;-
IAF;1;-
IRV;1;-
NP;1;-
BFE;1;-
AIOOB;1;-
BAOOB;1;-
STRCU;1;-
OOB;1;-
SAAC;1;-
TSTRC;1;-
BNZT;1;-
NI;1;-
ICLA;1;-
POOB;1;-
AITC;1;-
PBAOOB;1;-
PRBO;1;-
AS;1;-
WOBS;1;-
NMAS;1;-
AIOOBC;1;-
NC;1;-
CCPC;1;-
NCC;1;-
UMV;1;-
OEVE;1;-
UPF;1;-
MC;1;-
MCR;1;-
MCF;1;-
MOCW;1;-
MOCE;1;-
OE;1;-
VD;1;-
TS;1;-
OERRT;1;-
OETS;2;1
FC;1;-
FS;1;-
IL;2;1
UIL;1;-
SI;1;-
DIM;1;-
PVC;1;-
AIE;1;-
CE;1;-
MCOND;1;-
MBA;1;-
OIC;1;-
ILO;1;-
RCOND;1;-
MATF;1;-
CCOND;1;-
CFIATOF;1;-
ETID;1;-
EDT;1;-
ERC;1;-
CEBV;2;1
ETINF;1;-
ETINTF;1;-
ETIANTF;1;-
ETIDNTF;1;-
UES;1;-
CCM;1;-
FOIS;1;-
IOWP;1;-
RWOF;1;-
WROF;1;-
UCF;1;-
SOAF;1;-
IS;1;-
ISL;1;-
WPSAN;1;-
ISATS;1;-
ISATI;1;-
ISATF;1;-
IPATS;1;-
IPATN;1;-
IPATP;1;-
IPATI;1;-
IPATUI;1;-
IPATSI;1;-
IPATF;1;-
ISFW;1;-
ISFWS;1;-
ILME;1;-
WPSPPE;1;-
NRFCR;1;-
NRFCT;1;-
NRFEC;1;-
NRFFC;1;-
NRFFGG;1;-
NRFFGP;1;-
NRFFGS;1;-
NRFGC;1;-
NRFGG;1;-
NRFGGG;1;-
NRFGGN;1;-
NRFGHBA;1;-
NRFGHBN;1;-
NRFGHBN2;1;-
NRFGH;1;-
NRFGL;1;-
NRFGNBA;1;-
NRFGNBN;1;-
NRFGNG;1;-
NRFGPBN;1;-
NRFGPE;1;-
NRFGPN;1;-
NRFGPU;1;-
NRFGRBNA;1;-
NRFGRBNU;1;-
NRFGRP;1;-
NRFGSBN;1;-
NRFGSBP;1;-
NRFGS;1;-
NRFGSE;1;-
NRFGSN;1;-
NRFGMT;1;-
NRFLT;1;-
NRFRD;1;-
NRFST;1;-
NRFTN;1;-
NRFTTYN;1;-
PO;1;-
RCPY;1;-
RA;1;-
PBV;1;-
RCLC;1;-
SOWNP;1;-
SOWSAP;1;-
PS;1;-
SODMF;1;-
SOSO;1;-
SOC;1;-
MSO;1;-
DSO;1;-
SOV;1;-
SODVP;1;-
AOOVP;1;-
IIT;1;-
IT;1;-
ED;1;-
MMC;1;-
STLOOB;1;-
IIT2;1;-
IP;1;-
STLB;1;-
STLIF;1;-
STLISF;1;-
STLS;1;-
RIR;1;-
STLMC;1;-
STLC;1;-
SCR;1;-
SCP;1;-
SCT;1;-
UAPCPY;1;-
UAPC;1;-
UAPA;1;-
UCC;1;-
UCS;1;-
UCSS;1;-
UCE;1;-
UCR;1;-
DII;1;-
REC;1;-
ABTP;1;-
COFRBE;1;-
COTFRBE;1;-
COBWBE;1;-
IB;1;-
COBWI;1;-
BOB;1;-
CBEWI;1;-
PAB;1;-
COBWIC;1;-
ABTF;1;-
STMB;1;-
IO;1;-
SC;1;-
SSC;1;-
STRCMP;1;-
LWCPC;1;-
CLWCPC;1;-
SPC;1;-
ISC;1;-
ISBE;1;-
SOD;1;-
CCITCAB;1;-
IPC;1;-
MF;1;-
CAI;1;-
CBO;1;-
ULTZ;2;1
PLTZ;1;-
UP;1;-
PP;1;-
SN;1;-
UiS;1;-
UID;1;-
UIV;1;-
UISM;1;-
DP;1;-
UUV;1;-
UUAM;1;-
URV;1;-
UAV;1;-
UUSM;1;-
UUF;1;-
UNFD;1;-
DBREAK;1;-
URC;1;-
VASWP;1;-
VASRP;1;-
VAEM;1;-
VALUBS;1;-
VASSC;1;-
VFNUB;1;-
CCALC;1;-
CSTAT;1;-
SS;1;-
CSC;1;-
VS;1;-
CSR;1;-
VHT;1;-
VHE;1;-
OFA;1;-
OFBCMP;1;-
OFBCPY;1;-
OFBSS;1;-
OFBZ;1;-
OFCT;1;-
OFECVT;1;-
OFFCVT;1;-
OFFT;1;-
OFGCVT;1;-
OFGC;1;-
OFGHBA;1;-
OFGHBN;1;-
OFGWD;1;-
OFI;1;-
OFMC;1;-
OFPAGSA;1;-
OFPASSA;1;-
OFR;1;-
OFRI;1;-
OFSB;1;-
OFSC;1;-
OFTN;1;-
OFTNR;1;-
OFUA;1;-
OFUS;1;-
OFUT;1;-
OFVF;1;-
OFWCS;1;-
OFGS;1;-
OFAA;1;-
OFAT;1;-
WPPS;1;-
MZB;1;-
MVOOR;1;-
IFA;1;-
IFAB;1;-
WMC;1;-
RCIS;1;-
RAIS;1;-
RBOIS;1;-
SCFT;1;-
SUSPC;1;-
SEC;1;-
UUSO;1;-
DBRANCH;1;-
DEXPR;1;-
DCD;1;-
SA;2;1
CS;1;-
RGASUI;1;-
NIAE;1;-
ZD;1;-
ZDC;1;-
UPMC;1;-
HP;-;1
NDEO;-;1
NPIFCT;-;1
SDANSIH;-;1
SENIP;-;1
UDINIH;-;1
MVDUD;-;1
MVDUN;-;1
PED;1;-
